sample_id,measurement_01,measurement_02,measurement_03,measurement_04,measurement_05,measurement_06,class_label
train-alpha-001,1.1683,2.762,1.6755,3.5544,2.4719,0.7706,ALPHA
train-alpha-002,1.2731,2.7412,1.6523,3.4255,2.5511,1.356,ALPHA
train-alpha-003,1.3445,2.8243,1.5376,3.1768,2.5542,1.3884,ALPHA
train-alpha-004,1.2092,2.7766,1.817,3.0802,2.4313,1.2079,ALPHA
train-alpha-005,1.3921,2.7471,1.7829,3.4546,2.6721,0.8551,ALPHA
train-alpha-006,1.325,2.4668,1.1236,3.2665,2.2985,1.2927,ALPHA
train-alpha-007,1.3461,2.5318,1.8864,3.1795,2.481,1.0353,ALPHA
train-alpha-008,1.2252,2.9801,1.8405,3.477,2.643,1.2053,ALPHA
train-alpha-009,1.0621,2.6422,1.5966,3.5099,2.445,1.6139,ALPHA
train-alpha-010,1.0198,2.5582,1.8691,3.7128,2.6113,1.2839,ALPHA
train-alpha-011,1.5138,2.7793,1.3869,3.2829,2.7096,0.7824,ALPHA
train-alpha-012,1.2074,2.8557,1.6306,3.5592,2.6278,1.6107,ALPHA
train-alpha-013,1.3364,2.6659,1.5764,3.2171,2.7095,0.9753,ALPHA
train-alpha-014,1.1845,2.9648,1.5408,3.3354,2.0949,0.8619,ALPHA
train-alpha-015,1.0751,2.8915,1.9626,3.3959,2.5575,1.137,ALPHA
train-alpha-016,1.4386,2.9965,1.7602,3.1776,2.6987,1.1838,ALPHA
train-alpha-017,1.4699,2.7934,2.1297,3.321,2.8505,1.1253,ALPHA
train-alpha-018,1.0864,2.5517,1.6668,3.7131,2.6796,1.2516,ALPHA
train-alpha-019,0.6773,2.9564,1.8223,3.279,2.362,1.0995,ALPHA
train-alpha-020,1.5795,2.5679,1.6059,3.6996,2.4018,1.0199,ALPHA
train-alpha-021,1.2215,2.5269,1.7484,3.1339,2.6947,1.1007,ALPHA
train-alpha-022,1.7024,2.8618,2.0005,3.1133,2.4731,1.1711,ALPHA
train-alpha-023,1.5841,2.4302,1.9179,3.5301,2.8374,1.2567,ALPHA
train-alpha-024,1.2115,2.6852,1.4254,3.443,2.4578,1.5445,ALPHA
train-bravo-001,4.2656,3.9705,4.4548,3.413,4.1575,5.0813,BRAVO
train-bravo-002,4.7186,3.8903,4.5542,3.6007,4.2137,5.0082,BRAVO
train-bravo-003,4.2459,4.1493,4.8193,3.654,4.3803,5.034,BRAVO
train-bravo-004,4.463,4.3736,4.8536,3.4349,4.1246,5.2262,BRAVO
train-bravo-005,4.4261,4.0143,5.0631,3.3872,3.7202,4.9659,BRAVO
train-bravo-006,4.4505,3.7662,4.9916,3.6337,3.8811,5.014,BRAVO
train-bravo-007,4.3569,3.5737,4.8996,3.4901,3.936,5.015,BRAVO
train-bravo-008,4.5074,3.7729,4.8881,3.7233,3.9432,4.9838,BRAVO
train-bravo-009,4.4006,4.3985,4.3903,3.653,4.0326,4.878,BRAVO
train-bravo-010,4.8183,3.8981,5.293,3.4027,4.1771,4.792,BRAVO
train-bravo-011,4.248,3.9137,4.7378,3.5445,3.6369,5.3405,BRAVO
train-bravo-012,4.3633,4.2834,4.5784,3.5644,4.7963,4.7087,BRAVO
train-bravo-013,4.071,3.7798,4.9039,3.6525,4.3839,4.8435,BRAVO
train-bravo-014,4.0475,3.8043,5.0728,3.6024,3.6695,4.8923,BRAVO
train-bravo-015,4.7076,4.3678,4.9236,3.568,3.8272,4.7145,BRAVO
train-bravo-016,4.4103,4.0107,4.9276,3.3948,3.8466,4.7289,BRAVO
train-bravo-017,4.1455,4.0416,4.2913,3.4267,4.199,5.2348,BRAVO
train-bravo-018,4.4157,4.1203,4.7122,3.3362,3.9516,5.236,BRAVO
train-bravo-019,4.6187,4.0072,5.5327,3.4929,4.2365,4.9677,BRAVO
train-bravo-020,4.3512,4.4096,5.1315,3.1921,4.012,4.9942,BRAVO
train-bravo-021,4.5723,3.6033,4.3038,3.0806,4.0844,4.8773,BRAVO
train-bravo-022,4.4759,3.7307,4.5307,3.0549,4.1724,4.9814,BRAVO
train-bravo-023,4.6185,4.074,4.758,3.7968,4.07,4.7546,BRAVO
train-bravo-024,4.2855,3.7713,4.3235,3.5344,4.155,4.8203,BRAVO
train-charlie-001,7.343,6.2818,7.4777,6.7084,7.4883,6.2699,CHARLIE
train-charlie-002,7.4847,5.9218,7.0724,6.7135,8.0058,6.6076,CHARLIE
train-charlie-003,7.7275,6.0432,7.2474,6.4493,7.6686,6.4921,CHARLIE
train-charlie-004,7.3314,6.6399,7.2248,6.2814,7.7216,6.3104,CHARLIE
train-charlie-005,7.5003,6.3025,7.1859,6.2514,7.3452,6.57,CHARLIE
train-charlie-006,7.7863,6.6187,7.4967,6.2478,7.7693,5.9784,CHARLIE
train-charlie-007,7.855,6.2557,6.8489,7.1422,7.7417,5.9839,CHARLIE
train-charlie-008,7.5646,6.0391,7.1245,6.5977,7.9022,6.0869,CHARLIE
train-charlie-009,7.5698,6.5991,6.9181,6.7463,7.6444,6.2483,CHARLIE
train-charlie-010,7.6425,6.2214,6.8924,7.0876,7.7742,6.3632,CHARLIE
train-charlie-011,7.3599,6.0274,7.3708,6.6678,7.7011,6.3594,CHARLIE
train-charlie-012,7.6356,6.1745,7.268,6.6597,7.7825,6.5479,CHARLIE
train-charlie-013,7.4743,6.0108,6.8932,6.537,7.3834,6.5905,CHARLIE
train-charlie-014,7.4897,6.5454,7.6015,6.7053,7.2594,6.3161,CHARLIE
train-charlie-015,7.4834,5.8725,7.0449,6.7631,7.4989,6.2309,CHARLIE
train-charlie-016,7.3331,6.5931,7.0649,6.5174,7.518,6.61,CHARLIE
train-charlie-017,7.3494,6.306,7.2601,6.8648,7.9079,6.2789,CHARLIE
train-charlie-018,7.7492,6.0256,7.0128,6.9631,7.7809,6.4005,CHARLIE
train-charlie-019,7.2379,6.3236,6.9613,6.4967,7.4574,6.4542,CHARLIE
train-charlie-020,7.0334,6.2794,7.1383,6.5714,7.8281,6.5345,CHARLIE
train-charlie-021,7.3666,6.0526,7.2529,6.3665,7.5268,6.2612,CHARLIE
train-charlie-022,7.5154,6.2464,7.1081,6.9497,7.6502,6.3307,CHARLIE
train-charlie-023,7.2336,6.3588,7.2162,7.0192,7.4356,6.4058,CHARLIE
train-charlie-024,7.4871,6.1807,7.1023,6.3228,7.7815,6.5437,CHARLIE
train-delta-001,9.3487,9.1949,8.4298,9.292,8.8022,9.4273,DELTA
train-delta-002,8.7191,8.8069,8.1764,8.7321,8.3554,8.696,DELTA
train-delta-003,9.3352,8.509,8.45,9.044,8.9344,8.7576,DELTA
train-delta-004,9.3899,8.4815,8.3317,9.327,8.8054,9.3134,DELTA
train-delta-005,9.1265,8.4343,8.3767,9.174,8.9595,9.0844,DELTA
train-delta-006,9.0737,8.8913,8.3837,9.27,8.8398,9.3362,DELTA
train-delta-007,9.0783,8.6228,8.2699,9.4509,8.6707,9.0756,DELTA
train-delta-008,8.6816,8.9295,8.207,9.129,9.0329,8.7064,DELTA
train-delta-009,9.0825,8.7163,8.2803,9.5954,9.1297,8.5662,DELTA
train-delta-010,8.7812,8.8778,8.2133,9.2145,8.8285,9.1522,DELTA
train-delta-011,9.0509,8.7209,8.3291,9.5843,8.691,9.0747,DELTA
train-delta-012,8.9874,8.7234,8.463,9.2643,8.577,9.1752,DELTA
train-delta-013,9.4111,8.7535,8.6611,9.4844,9.0042,9.0667,DELTA
train-delta-014,9.1467,8.8901,8.5151,9.0857,8.8052,8.5845,DELTA
train-delta-015,9.0987,8.7909,8.7719,9.3333,9.0042,8.9999,DELTA
train-delta-016,8.8748,8.3895,8.2867,8.9994,8.9394,8.9543,DELTA
train-delta-017,9.2255,8.7162,8.7297,9.5332,8.658,8.9397,DELTA
train-delta-018,8.9828,8.3433,8.6485,9.5615,8.7986,8.8915,DELTA
train-delta-019,9.34,8.1841,8.539,9.3315,8.6744,9.3061,DELTA
train-delta-020,9.3136,8.6425,8.4809,9.2146,8.6873,8.7122,DELTA
train-delta-021,9.4036,8.9262,8.6756,9.0592,9.2578,9.4356,DELTA
train-delta-022,9.1414,8.5011,8.3094,9.3921,8.5991,8.9925,DELTA
train-delta-023,9.3395,8.3685,8.9413,9.6447,8.5278,8.689,DELTA
train-delta-024,9.0376,8.4731,8.442,8.7321,8.7497,9.3966,DELTA
